<application>
  <component name="FileTypeManager" version="17">
    <extensionMap>
      <mapping pattern="fedex-4wWTkz" type="PLAIN_TEXT" />
      <mapping pattern="2020_01_27_012345_AddNeocurrencyTables" type="PLAIN_TEXT" />
      <mapping pattern="2020_02_03_1115_UpdateNeoCurrencyRedemptionCodeColumn" type="PLAIN_TEXT" />
      <mapping pattern="add-aliases" type="PLAIN_TEXT" />
      <mapping pattern="fedex-Zf9jMA" type="PLAIN_TEXT" />
      <mapping pattern="wkhtmltopdf-amd64" type="PLAIN_TEXT" />
      <mapping pattern="seed-data" type="PLAIN_TEXT" />
      <mapping pattern=".gitkeep" type="PLAIN_TEXT" />
      <mapping ext="d" type="PLAIN_TEXT" />
    </extensionMap>
  </component>
</application>