<application>
  <component name="FileTypeManager" version="18">
    <extensionMap>
      <mapping pattern="events.php" type="AUTO_DETECTED" />
      <mapping pattern="test" type="PLAIN_TEXT" />
      <mapping pattern="2020_02_03_1115_UpdateNeoCurrencyRedemptionCodeColumn" type="PLAIN_TEXT" />
      <mapping pattern="wkhtmltopdf-amd64" type="PLAIN_TEXT" />
      <mapping pattern="fedex-4wWTkz" type="PLAIN_TEXT" />
      <mapping pattern="docker-dev-setup" type="PLAIN_TEXT" />
      <mapping pattern="schedule-c539ef00f8fd3312d646ed2ebff3bc16" type="PLAIN_TEXT" />
      <mapping pattern="seed-db" type="PLAIN_TEXT" />
      <mapping pattern="docker-dev-seed-db" type="PLAIN_TEXT" />
      <mapping pattern="fedex-Zf9jMA" type="PLAIN_TEXT" />
      <mapping pattern="npm" type="PLAIN_TEXT" />
      <mapping pattern="2020_01_27_012345_AddNeocurrencyTables" type="PLAIN_TEXT" />
      <mapping pattern=".gitkeep" type="PLAIN_TEXT" />
      <mapping pattern="lg-promo-base.csv" type="PLAIN_TEXT" />
      <mapping pattern="add-aliases" type="PLAIN_TEXT" />
      <mapping pattern="seed-data" type="PLAIN_TEXT" />
      <mapping ext="d" type="PLAIN_TEXT" />
      <mapping ext="key" type="PLAIN_TEXT" />
      <mapping ext="pem" type="PLAIN_TEXT" />
      <mapping ext="binary" type="PLAIN_TEXT" />
      <mapping ext="gpg" type="PLAIN_TEXT" />
    </extensionMap>
  </component>
</application>